{"cameraMode":{"drawMode":0,"name":"Shaded","section":"Shading Mode"},"sceneLighting":true,"audioPlay":false,"sceneViewState":{"m_AlwaysRefresh":false,"showFog":true,"showSkybox":true,"showFlares":true,"showImageEffects":true,"showParticleSystems":true,"showVisualEffectGraphs":true,"m_FxEnabled":true},"in2DMode":false,"pivot":{"x":44.747562408447269,"y":155.5899200439453,"z":-14.655902862548829},"rotation":{"x":-0.04467473179101944,"y":-0.010995453223586083,"z":-0.0005075701046735048,"w":0.9989795088768005},"size":90.50264739990235,"orthographic":false}