{"cameraMode":{"drawMode":0,"name":"Shaded","section":"Shading Mode"},"sceneLighting":false,"audioPlay":false,"sceneViewState":{"m_AlwaysRefresh":false,"showFog":true,"showSkybox":false,"showFlares":true,"showImageEffects":true,"showParticleSystems":true,"showVisualEffectGraphs":true,"m_FxEnabled":true},"in2DMode":false,"pivot":{"x":0.32491064071655276,"y":3.5981369018554689,"z":0.6443157196044922},"rotation":{"x":-0.035603445023298267,"y":-0.9601215124130249,"z":0.23680610954761506,"w":-0.1445225328207016},"size":7.6484479904174809,"orthographic":false}