{"cameraMode":{"drawMode":0,"name":"Shaded","section":"Shading Mode"},"sceneLighting":false,"audioPlay":false,"sceneViewState":{"m_AlwaysRefresh":false,"showFog":true,"showSkybox":false,"showFlares":true,"showImageEffects":true,"showParticleSystems":true,"showVisualEffectGraphs":true,"m_FxEnabled":true},"in2DMode":false,"pivot":{"x":0.04859042167663574,"y":1.7189979553222657,"z":-0.05438709259033203},"rotation":{"x":-0.035603445023298267,"y":-0.9601215124130249,"z":0.23680610954761506,"w":-0.1445225328207016},"size":4.760197162628174,"orthographic":false}