{"cameraMode":{"drawMode":0,"name":"Shaded","section":"Shading Mode"},"sceneLighting":false,"audioPlay":false,"sceneViewState":{"m_AlwaysRefresh":false,"showFog":true,"showSkybox":false,"showFlares":true,"showImageEffects":true,"showParticleSystems":true,"showVisualEffectGraphs":true,"m_FxEnabled":true},"in2DMode":false,"pivot":{"x":-7.241005897521973,"y":19.48061752319336,"z":-5.741878509521484},"rotation":{"x":-0.006159568205475807,"y":-0.9887281060218811,"z":0.14368180930614472,"w":-0.042431414127349856},"size":21.320608139038087,"orthographic":false}